---
layout: post
title: "MySQL 8.0 Study 005 Tips"
category: MySQL
tags: MySQL Tips
---

* content
{:toc}

MySQL 8.0 Study 005 Tips

å­¦ä¹ ç³»åˆ—

- MySQL å­˜å‚¨å¼•æ“
- MySQL å¯åŠ¨é€‰é¡¹
- MySQL å­—ç¬¦é›†æŸ¥çœ‹
- MySQL é”ç›¸å…³(è„è¯»/ä¸å¯é‡å¤åº¦/å¹»è¯»)
- MySQL åˆ é™¤é‡å¤è¡Œ





### MySQL å­˜å‚¨å¼•æ“

MySQLæ”¯æŒçš„å­˜å‚¨å¼•æ“å’Œå¯¹åº”æ˜¯å¦æ”¯æŒäº‹åŠ¡ç­‰ä¿¡æ¯

MySQL5.5.5å¼€å§‹InnoDBä¸ºé»˜è®¤å­˜å‚¨å¼•æ“

åˆ›å»ºè¡¨æ—¶å€™å¯ä»¥æŒ‡å®šå­˜å‚¨å¼•æ“ç±»å‹

ä¹Ÿå¯ä»¥é€šè¿‡`alter table`ä¿®æ”¹è¡¨çš„å­˜å‚¨å¼•æ“ç±»å‹

é€šè¿‡`show create table xxx`æ¥æŸ¥çœ‹è¡¨çš„å­˜å‚¨å¼•æ“

```
mysql [localhost:8032] {msandbox} (test) > show engines;
+--------------------+---------+----------------------------------------------------------------+--------------+------+------------+
| Engine             | Support | Comment                                                        | Transactions | XA   | Savepoints |
+--------------------+---------+----------------------------------------------------------------+--------------+------+------------+
| ndbcluster         | NO      | Clustered, fault-tolerant tables                               | NULL         | NULL | NULL       |
| FEDERATED          | NO      | Federated MySQL storage engine                                 | NULL         | NULL | NULL       |
| MEMORY             | YES     | Hash based, stored in memory, useful for temporary tables      | NO           | NO   | NO         |
| InnoDB             | DEFAULT | Supports transactions, row-level locking, and foreign keys     | YES          | YES  | YES        |
| PERFORMANCE_SCHEMA | YES     | Performance Schema                                             | NO           | NO   | NO         |
| MyISAM             | YES     | MyISAM storage engine                                          | NO           | NO   | NO         |
| ndbinfo            | NO      | MySQL Cluster system information storage engine                | NULL         | NULL | NULL       |
| MRG_MYISAM         | YES     | Collection of identical MyISAM tables                          | NO           | NO   | NO         |
| BLACKHOLE          | YES     | /dev/null storage engine (anything you write to it disappears) | NO           | NO   | NO         |
| CSV                | YES     | CSV storage engine                                             | NO           | NO   | NO         |
| ARCHIVE            | YES     | Archive storage engine                                         | NO           | NO   | NO         |
+--------------------+---------+----------------------------------------------------------------+--------------+------+------------+
11 rows in set (0.00 sec)

mysql [localhost:8032] {msandbox} (test) > create table test01(id int) engine=memory;
Query OK, 0 rows affected (0.08 sec)

mysql [localhost:8032] {msandbox} (test) > alter table test01 engine=innodb;
Query OK, 0 rows affected (0.12 sec)
Records: 0  Duplicates: 0  Warnings: 0

mysql [localhost:8032] {msandbox} (test) > show create table test01\G
*************************** 1. row ***************************
       Table: test01
Create Table: CREATE TABLE `test01` (
  `id` int DEFAULT NULL
) ENGINE=InnoDB DEFAULT CHARSET=utf8mb4 COLLATE=utf8mb4_0900_ai_ci
1 row in set (0.00 sec)

mysql [localhost:8032] {msandbox} (test) > 
```
### MySQL å¯åŠ¨é€‰é¡¹

ä½¿ç”¨ä¸‹é¢å‘½ä»¤æŸ¥çœ‹å¯åŠ¨é¡¹å†…å®¹

```
mysqld --verbose --help
```

å¦‚:

```
  --bind-address=name IP address(es) to bind to. Syntax: address[,address]...,
                      where address can be an IPv4 address, IPv6 address, host
                      name or one of the wildcard values *, ::, 0.0.0.0. In
                      case more than one address is specified in a
                      comma-separated list, wildcard values are not allowed.
                      Every address can have optional network namespace
                      separated by the delimiter / from the address value.
                      E.g., the following value
                      192.168.1.1/red,172.16.1.1/green,193.168.1.1 specifies
                      three IP addresses to listen for incoming TCP connections
                      two of that have to be placed in corresponding
                      namespaces: the address 192.168.1.1 must be placed into
                      the namespace red and the address 172.16.1.1 must be
                      placed into the namespace green. Using of network
                      namespace requires its support from underlying Operating
                      System. Attempt to specify a network namespace for a
                      platform that doesn't support it results in error during
                      socket creation.

  --default-storage-engine=name 
                      The default storage engine for new tables

  --skip-networking   Don't allow connection with TCP/IP

```

### MySQL å­—ç¬¦é›†æŸ¥çœ‹

æŸ¥çœ‹MySQLå­—ç¬¦é›†:
- ci åç¼€è¯´æ˜ å­—ç¬¦é›†çš„åç§°ä½¿ç”¨å°å†™å½¢å¼
- maxlen è¡¨ç¤ºæœ€å¤šå¤šå°‘ä¸ªå­—èŠ‚è¡¨ç¤ºä¸€ä¸ªå­—ç¬¦(utf8mb4 è¡¨ç¤º 4ä¸ªå­—èŠ‚)

ä¸åŒçš„å­—ç¬¦é›†ï¼ŒCHAR(N)ã€VARCHAR(N) å¯¹åº”æœ€é•¿çš„å­—èŠ‚ä¹Ÿä¸ç›¸åŒã€‚
æ¯”å¦‚ GBK å­—ç¬¦é›†ï¼Œ1 ä¸ªå­—ç¬¦æœ€å¤§å­˜å‚¨ 2 ä¸ªå­—èŠ‚ï¼ŒUTF8MB4 å­—ç¬¦é›† 1 ä¸ªå­—ç¬¦æœ€å¤§å­˜å‚¨ 4 ä¸ªå­—èŠ‚ã€‚

```
mysql [localhost:8032] {msandbox} ((none)) > show charset;
+----------+---------------------------------+---------------------+--------+
| Charset  | Description                     | Default collation   | Maxlen |
+----------+---------------------------------+---------------------+--------+
| armscii8 | ARMSCII-8 Armenian              | armscii8_general_ci |      1 |
| ascii    | US ASCII                        | ascii_general_ci    |      1 |
| big5     | Big5 Traditional Chinese        | big5_chinese_ci     |      2 |
| binary   | Binary pseudo charset           | binary              |      1 |
| cp1250   | Windows Central European        | cp1250_general_ci   |      1 |
| cp1251   | Windows Cyrillic                | cp1251_general_ci   |      1 |
| cp1256   | Windows Arabic                  | cp1256_general_ci   |      1 |
| cp1257   | Windows Baltic                  | cp1257_general_ci   |      1 |
| cp850    | DOS West European               | cp850_general_ci    |      1 |
| cp852    | DOS Central European            | cp852_general_ci    |      1 |
| cp866    | DOS Russian                     | cp866_general_ci    |      1 |
| cp932    | SJIS for Windows Japanese       | cp932_japanese_ci   |      2 |
| dec8     | DEC West European               | dec8_swedish_ci     |      1 |
| eucjpms  | UJIS for Windows Japanese       | eucjpms_japanese_ci |      3 |
| euckr    | EUC-KR Korean                   | euckr_korean_ci     |      2 |
| gb18030  | China National Standard GB18030 | gb18030_chinese_ci  |      4 |
| gb2312   | GB2312 Simplified Chinese       | gb2312_chinese_ci   |      2 |
| gbk      | GBK Simplified Chinese          | gbk_chinese_ci      |      2 |
| geostd8  | GEOSTD8 Georgian                | geostd8_general_ci  |      1 |
| greek    | ISO 8859-7 Greek                | greek_general_ci    |      1 |
| hebrew   | ISO 8859-8 Hebrew               | hebrew_general_ci   |      1 |
| hp8      | HP West European                | hp8_english_ci      |      1 |
| keybcs2  | DOS Kamenicky Czech-Slovak      | keybcs2_general_ci  |      1 |
| koi8r    | KOI8-R Relcom Russian           | koi8r_general_ci    |      1 |
| koi8u    | KOI8-U Ukrainian                | koi8u_general_ci    |      1 |
| latin1   | cp1252 West European            | latin1_swedish_ci   |      1 |
| latin2   | ISO 8859-2 Central European     | latin2_general_ci   |      1 |
| latin5   | ISO 8859-9 Turkish              | latin5_turkish_ci   |      1 |
| latin7   | ISO 8859-13 Baltic              | latin7_general_ci   |      1 |
| macce    | Mac Central European            | macce_general_ci    |      1 |
| macroman | Mac West European               | macroman_general_ci |      1 |
| sjis     | Shift-JIS Japanese              | sjis_japanese_ci    |      2 |
| swe7     | 7bit Swedish                    | swe7_swedish_ci     |      1 |
| tis620   | TIS620 Thai                     | tis620_thai_ci      |      1 |
| ucs2     | UCS-2 Unicode                   | ucs2_general_ci     |      2 |
| ujis     | EUC-JP Japanese                 | ujis_japanese_ci    |      3 |
| utf16    | UTF-16 Unicode                  | utf16_general_ci    |      4 |
| utf16le  | UTF-16LE Unicode                | utf16le_general_ci  |      4 |
| utf32    | UTF-32 Unicode                  | utf32_general_ci    |      4 |
| utf8mb3  | UTF-8 Unicode                   | utf8mb3_general_ci  |      3 |
| utf8mb4  | UTF-8 Unicode                   | utf8mb4_0900_ai_ci  |      4 |
+----------+---------------------------------+---------------------+--------+
41 rows in set (0.02 sec)

mysql [localhost:8032] {msandbox} ((none)) > 
```

å­—ç¬¦æ¯”è¾ƒè§„åˆ™æŸ¥çœ‹
æ’åºè§„åˆ™ï¼ˆCollationï¼‰æ˜¯æ¯”è¾ƒå’Œæ’åºå­—ç¬¦ä¸²çš„ä¸€ç§è§„åˆ™ï¼Œæ¯ä¸ªå­—ç¬¦é›†éƒ½ä¼šæœ‰é»˜è®¤çš„æ’åºè§„åˆ™
- ai ä¸åŒºåˆ†é‡éŸ³
- as åŒºåˆ†é‡éŸ³
- ci ä¸åŒºåˆ†å¤§å°å†™
- cs åŒºåˆ†å¤§å°å†™
- bin äºŒè¿›åˆ¶æ¯”è¾ƒ

```
mysql [localhost:8032] {msandbox} ((none)) > show collation;
mysql [localhost:8032] {msandbox} ((none)) > show collation like 'utf8mb4\_%';
+----------------------------+---------+-----+---------+----------+---------+---------------+
| Collation                  | Charset | Id  | Default | Compiled | Sortlen | Pad_attribute |
+----------------------------+---------+-----+---------+----------+---------+---------------+
| utf8mb4_0900_ai_ci         | utf8mb4 | 255 | Yes     | Yes      |       0 | NO PAD        |
| utf8mb4_0900_as_ci         | utf8mb4 | 305 |         | Yes      |       0 | NO PAD        |
| utf8mb4_0900_as_cs         | utf8mb4 | 278 |         | Yes      |       0 | NO PAD        |
| utf8mb4_0900_bin           | utf8mb4 | 309 |         | Yes      |       1 | NO PAD        |
```

æœåŠ¡å™¨çº§åˆ«å­—ç¬¦é›†å’Œæ¯”è¾ƒè§„åˆ™

```
mysql [localhost:8032] {msandbox} ((none)) > show variables like 'character%';
+--------------------------+-----------------------------------+
| Variable_name            | Value                             |
+--------------------------+-----------------------------------+
| character_set_client     | utf8mb4                           |
| character_set_connection | utf8mb4                           |
| character_set_database   | utf8mb4                           |
| character_set_filesystem | binary                            |
| character_set_results    | utf8mb4                           |
| character_set_server     | utf8mb4                           |
| character_set_system     | utf8mb3                           |
| character_sets_dir       | /opt/mysql/8.0.32/share/charsets/ |
+--------------------------+-----------------------------------+
8 rows in set (0.00 sec)

mysql [localhost:8032] {msandbox} ((none)) > show variables like 'collation%';
+----------------------+--------------------+
| Variable_name        | Value              |
+----------------------+--------------------+
| collation_connection | utf8mb4_0900_ai_ci |
| collation_database   | utf8mb4_0900_ai_ci |
| collation_server     | utf8mb4_0900_ai_ci |
+----------------------+--------------------+
3 rows in set (0.00 sec)

mysql [localhost:8032] {msandbox} ((none)) > 
```

è€Œä¸”éšç€ç§»åŠ¨äº’è”ç½‘çš„é£é€Ÿå‘å±•ï¼Œæ¨èæŠŠ MySQL çš„é»˜è®¤å­—ç¬¦é›†è®¾ç½®ä¸º UTF8MB4ï¼Œå¦åˆ™ï¼ŒæŸäº› emoji è¡¨æƒ…å­—ç¬¦æ— æ³•åœ¨ UTF8 å­—ç¬¦é›†ä¸‹å­˜å‚¨ï¼Œæ¯”å¦‚ emoji ç¬‘è„¸è¡¨æƒ…ï¼Œå¯¹åº”çš„å­—ç¬¦ç¼–ç ä¸º 0xF09F988E

```
mysql [localhost:8032] {msandbox} ((none)) > select cast(0xF09F988E as char charset utf8) as emoji;
+-------+
| emoji |
+-------+
| NULL  |
+-------+
1 row in set, 2 warnings (0.01 sec)

mysql [localhost:8032] {msandbox} ((none)) > select cast(0xF09F988E as char charset utf8mb4) as emoji;
+-------+
| emoji |
+-------+
| ğŸ˜      |
+-------+
1 row in set (0.00 sec)

mysql [localhost:8032] {msandbox} ((none)) > 
```

åæœŸéœ€è¦è¿›è¡Œå­—ç¬¦é›†è½¬æ¢
```
ALTER TABLE test CHARSET utf8mb4;
```
å¯¹åº”å­—æ®µä¾æ—§æ²¡æœ‰è½¬åŒ–
```
mysql [localhost:8032] {msandbox} (test) > create table t1(col1 varchar(100) character set utf8,primary key(col1)) engine=innodb default charset=utf8;
Query OK, 0 rows affected, 2 warnings (0.07 sec)

mysql [localhost:8032] {msandbox} (test) > show create table t1\G
*************************** 1. row ***************************
       Table: t1
Create Table: CREATE TABLE `t1` (
  `col1` varchar(100) CHARACTER SET utf8mb3 COLLATE utf8mb3_general_ci NOT NULL,
  PRIMARY KEY (`col1`)
) ENGINE=InnoDB DEFAULT CHARSET=utf8mb3
1 row in set (0.00 sec)

mysql [localhost:8032] {msandbox} (test) > 
mysql [localhost:8032] {msandbox} (test) > show full columns from t1;
+-------+--------------+--------------------+------+-----+---------+-------+---------------------------------+---------+
| Field | Type         | Collation          | Null | Key | Default | Extra | Privileges                      | Comment |
+-------+--------------+--------------------+------+-----+---------+-------+---------------------------------+---------+
| col1  | varchar(100) | utf8mb3_general_ci | NO   | PRI | NULL    |       | select,insert,update,references |         |
+-------+--------------+--------------------+------+-----+---------+-------+---------------------------------+---------+
1 row in set (0.00 sec)

mysql [localhost:8032] {msandbox} (test) > 

-- alter table è½¬åŒ–

mysql [localhost:8032] {msandbox} (test) > alter table t1 charset utf8mb4;
Query OK, 0 rows affected (0.02 sec)
Records: 0  Duplicates: 0  Warnings: 0

mysql [localhost:8032] {msandbox} (test) > show create table t1\G
*************************** 1. row ***************************
       Table: t1
Create Table: CREATE TABLE `t1` (
  `col1` varchar(100) CHARACTER SET utf8mb3 COLLATE utf8mb3_general_ci NOT NULL,
  PRIMARY KEY (`col1`)
) ENGINE=InnoDB DEFAULT CHARSET=utf8mb4 COLLATE=utf8mb4_0900_ai_ci
1 row in set (0.00 sec)

mysql [localhost:8032] {msandbox} (test) > show full columns from t1;
+-------+--------------+--------------------+------+-----+---------+-------+---------------------------------+---------+
| Field | Type         | Collation          | Null | Key | Default | Extra | Privileges                      | Comment |
+-------+--------------+--------------------+------+-----+---------+-------+---------------------------------+---------+
| col1  | varchar(100) | utf8mb3_general_ci | NO   | PRI | NULL    |       | select,insert,update,references |         |
+-------+--------------+--------------------+------+-----+---------+-------+---------------------------------+---------+
1 row in set (0.00 sec)

mysql [localhost:8032] {msandbox} (test) > 
```

åˆ—`col1`å­—ç¬¦é›†æ²¡æœ‰æ”¹å˜ï¼Œéœ€è¦ä¸‹é¢æ–¹æ³•æ”¹å˜ 
```
mysql [localhost:8032] {msandbox} (test) > alter table t1 convert to charset utf8mb4;
Query OK, 0 rows affected (0.08 sec)
Records: 0  Duplicates: 0  Warnings: 0

mysql [localhost:8032] {msandbox} (test) > show full columns from t1;
+-------+--------------+--------------------+------+-----+---------+-------+---------------------------------+---------+
| Field | Type         | Collation          | Null | Key | Default | Extra | Privileges                      | Comment |
+-------+--------------+--------------------+------+-----+---------+-------+---------------------------------+---------+
| col1  | varchar(100) | utf8mb4_0900_ai_ci | NO   | PRI | NULL    |       | select,insert,update,references |         |
+-------+--------------+--------------------+------+-----+---------+-------+---------------------------------+---------+
1 row in set (0.00 sec)

mysql [localhost:8032] {msandbox} (test) > show create table t1\G
*************************** 1. row ***************************
       Table: t1
Create Table: CREATE TABLE `t1` (
  `col1` varchar(100) CHARACTER SET utf8mb4 COLLATE utf8mb4_0900_ai_ci NOT NULL,
  PRIMARY KEY (`col1`)
) ENGINE=InnoDB DEFAULT CHARSET=utf8mb4 COLLATE=utf8mb4_0900_ai_ci
1 row in set (0.00 sec)

mysql [localhost:8032] {msandbox} (test) > 
```

MySQL ä¹±ç 
```
æŸ¥çœ‹æ•°æ®åº“çš„ç¼–ç 
show variables like â€˜character_set%â€™;

character_set_clientï¼šå®¢æˆ·ç«¯è¯·æ±‚æ•°æ®çš„å­—ç¬¦é›†
character_set_connectionï¼šå®¢æˆ·æœºä¸æœåŠ¡å™¨è¿æ¥çš„å­—ç¬¦é›†
character_set_databaseï¼šé»˜è®¤æ•°æ®åº“çš„å­—ç¬¦é›†ï¼›å¦‚æœæ²¡æœ‰é»˜è®¤æ•°æ®åº“ï¼Œå°±ä¼šä½¿ç”¨ character_set_serveræŒ‡å®šçš„å­—ç¬¦é›†ï¼ˆå»ºè®®ä¸è¦éšæ„æ›´æ”¹ï¼‰
character_set_filesystemï¼šæŠŠ character_set_clientè½¬æ¢character_set_filesystem (é»˜è®¤ä¸ºbinary, ä¸åšä»»ä½•è½¬æ¢)
character_set_resultsï¼šè¿”å›ç»™å®¢æˆ·ç«¯çš„å­—ç¬¦é›†
character_set_serverï¼šæ•°æ®åº“æœåŠ¡å™¨çš„é»˜è®¤å­—ç¬¦é›†
character_set_systemï¼šç³»ç»Ÿå­—ç¬¦é›†ï¼Œé»˜è®¤utf8ã€‚ï¼ˆç”¨äºæ•°æ®åº“çš„è¡¨ã€åˆ—å’Œå­˜å‚¨åœ¨ç›®å½•è¡¨ä¸­å‡½æ•°çš„åå­—ï¼‰

è¦å¤„ç†ä¸­æ–‡ï¼Œåˆ™å¯ä»¥å°†character-set-serverå’Œcharacter-set-clientå‡è®¾ç½®ä¸ºGB2312ï¼Œå¦‚æœè¦åŒæ—¶å¤„ç†å¤šå›½è¯­è¨€ï¼Œåˆ™è®¾ç½®ä¸ºUTF8ã€‚

```

å‚è€ƒ:

[å½»åº•è§£å†³mysqlä¸­æ–‡ä¹±ç ](https://blog.csdn.net/u012410733/article/details/61619656)

[MySQL-ä¸èƒ½å¿½ç•¥çš„ COLLATION](https://juejin.cn/post/6959466033082007559)

### MySQL é”ç›¸å…³(è„è¯»/ä¸å¯é‡å¤åº¦/å¹»è¯»)

è„è¯»
```
å½“å‰äº‹åŠ¡è¯»å–åˆ°å¦å¤–ä¸€ä¸ªäº‹åŠ¡æœªæäº¤çš„ä¸€æ¡è®°å½•
å¦‚æœå¦å¤–ä¸€ä¸ªäº‹åŠ¡åœ¨å†™çš„æ—¶å€™ç»™è®°å½•åŠ ä¸Šé”ï¼Œå½“å‰äº‹åŠ¡å°±æ— æ³•è¯»å–è¯¥è®°å½•æ—¶å†è·å–åˆ°é”ï¼Œå°±ä¸ä¼šå‡ºç°è„è¯»
```

ä¸å¯é‡å¤è¯»
```
å½“å‰äº‹åŠ¡å…ˆè¯»å–ä¸€æ¡è®°å½•ï¼Œå¦å¤–ä¸€ä¸ªäº‹åŠ¡å¯¹è¯¥è®°å½•å°±è¡Œä¿®æ”¹ã€‚å½“å‰äº‹åŠ¡å†æ¬¡è¯»å–åˆ°ä¸åŒçš„è®°å½•ã€‚
å¦‚æœå½“å‰äº‹åŠ¡è¯»å–è¯¥è®°å½•æ—¶å€™åŠ é”ï¼Œå¦å¤–ä¸€ä¸ªäº‹åŠ¡å°±æ— æ³•ä¿®æ”¹æ”¹è®°å½•ã€‚
```

å¹»è¯»
```
å½“å‰äº‹åŠ¡è¯»å–äº†æŸäº›æ¡ä»¶çš„è®°å½•ï¼Œä¹‹ååˆ«çš„äº‹åŠ¡åˆæ’å…¥ç¬¦åˆç›¸åŒæ¡ä»¶çš„æ–°è®°å½•ï¼Œå¯¼è‡´å½“å‰äº‹åŠ¡å†æ¬¡è¯»å–ç›¸åŒæ¡ä»¶è®°å½•æ—¶å€™ï¼Œå¯ä»¥è¯»åˆ°åˆ«çš„äº‹åŠ¡æ’å…¥çš„æ–°è®°å½•
```

è¯»è¯»æƒ…å†µä¸ä¼šå¼•èµ·ä»€ä¹ˆé—®é¢˜ï¼Œå¯¹äºå†™å†™ï¼Œè¯»å†™ï¼Œå†™è¯»æƒ…å†µï¼Œå¯èƒ½ä¼šå¼•èµ·ä¸€äº›é—®é¢˜ï¼Œè¿™æ—¶å€™éœ€è¦MVCC(å¤šç‰ˆæœ¬æ§åˆ¶)æˆ–è€…åŠ é”æ–¹å¼æ¥è§£å†³ã€‚

### MySQL åˆ é™¤é‡å¤è¡Œ


[How To Delete Duplicate Rows in MySQL](https://www.mysqltutorial.org/mysql-delete-duplicate-rows/)


[å¦‚ä½•åœ¨MySQLè¡¨ä¸­åˆ é™¤é‡å¤è¡Œ](https://www.yiibai.com/mysql/delete-duplicate-rows.html)

```
DROP TABLE IF EXISTS contacts;

CREATE TABLE contacts (
    id INT PRIMARY KEY AUTO_INCREMENT,
    first_name VARCHAR(50) NOT NULL,
    last_name VARCHAR(50) NOT NULL, 
    email VARCHAR(255) NOT NULL
);

INSERT INTO contacts (first_name,last_name,email) 
VALUES ('Carine ','Schmitt','carine.schmitt@verizon.net'),
       ('Jean','King','jean.king@me.com'),
       ('Peter','Ferguson','peter.ferguson@google.com'),
       ('Janine ','Labrune','janine.labrune@aol.com'),
       ('Jonas ','Bergulfsen','jonas.bergulfsen@mac.com'),
       ('Janine ','Labrune','janine.labrune@aol.com'),
       ('Susan','Nelson','susan.nelson@comcast.net'),
       ('Zbyszek ','Piestrzeniewicz','zbyszek.piestrzeniewicz@att.net'),
       ('Roland','Keitel','roland.keitel@yahoo.com'),
       ('Julie','Murphy','julie.murphy@yahoo.com'),
       ('Kwai','Lee','kwai.lee@google.com'),
       ('Jean','King','jean.king@me.com'),
       ('Susan','Nelson','susan.nelson@comcast.net'),
       ('Roland','Keitel','roland.keitel@yahoo.com');

select * from contacts order by email;

SELECT 
    email, COUNT(email)
FROM
    contacts
GROUP BY 
    email
;

SELECT 
    email, COUNT(email)
FROM
    contacts
GROUP BY 
    email
HAVING 
    COUNT(email) > 1;

-- A) Delete duplicate rows using DELETE JOIN statement

DELETE t1 FROM contacts t1
INNER JOIN contacts t2 
WHERE 
    t1.id < t2.id AND 
    t1.email = t2.email;

-- In case you want to delete duplicate rows and keep the lowest id, you can use the following statement:

DELETE c1 FROM contacts c1
INNER JOIN contacts c2 
WHERE
    c1.id > c2.id AND 
    c1.email = c2.email;

-- B) Delete duplicate rows using an intermediate table
-- The following shows the steps for removing duplicate rows using an intermediate table:

-- 1. Create a new table with the structure the same as the original table that you want to delete duplicate rows.
-- 2. Insert distinct rows from the original table to the immediate table.
-- 3. Drop the original table and rename the immediate table to the original table.

-- step 1
CREATE TABLE contacts_temp 
LIKE contacts;

-- step 2
INSERT INTO contacts_temp
SELECT * 
FROM contacts 
GROUP BY email;


-- step 3
DROP TABLE contacts;

ALTER TABLE contacts_temp 
RENAME TO contacts;

-- C) Delete duplicate rows using the ROW_NUMBER() function

-- The following statement uses the ROW_NUMBER() function to assign a sequential integer number to each row. If the email is duplicate, the row number will be greater than one.

SELECT 
	id, 
    email, 
    ROW_NUMBER() OVER ( 
		PARTITION BY email 
        ORDER BY email
	) AS row_num 
FROM contacts;

SELECT 
	id 
FROM (
	SELECT 
		id,
		ROW_NUMBER() OVER (
			PARTITION BY email
			ORDER BY email) AS row_num
	FROM 
		contacts
) t
WHERE 
	row_num > 1;

DELETE FROM contacts 
WHERE 
	id IN (
	SELECT 
		id 
	FROM (
		SELECT 
			id,
			ROW_NUMBER() OVER (
				PARTITION BY email
				ORDER BY email) AS row_num
		FROM 
			contacts
		
	) t
    WHERE row_num > 1
);

```

### Referece

å‚è€ƒ:

[MySQL-ä¸èƒ½å¿½ç•¥çš„ COLLATION](https://juejin.cn/post/6959466033082007559)



Have a good work&life! 2023/01 via LinHong


